ano_teste,modelo,linhas_treino,linhas_teste,mae
1994,baseline_pesquisa,1323,74,7.580281081081081
1994,baseline_ajustado,1323,74,8.186148725660289
1994,baseline_efeito_casa,1323,74,8.993405079967106
1994,ridge,1323,74,78.26567567567568
1994,huber,1323,74,78.26567567567568
1994,elastic_net,1323,74,78.26567567567568
1994,ridge_forte,1323,74,78.26567567567568
1994,random_forest_07_600,1323,74,7.029049376876849
1994,random_forest_05_1200,1323,74,6.789436620574301
1994,random_forest_sqrt_1200,1323,74,10.604376372001
1994,random_forest_03_1600_leaf1,1323,74,7.877977214848727
1994,random_forest_05_1600_leaf1,1323,74,7.005743033502187
1994,random_forest_07_1600_leaf1,1323,74,7.00905090371616
1994,random_forest_sqrt_1600_leaf1,1323,74,9.864250551500112
1994,random_forest_log2_1600_leaf1,1323,74,10.496526667873185
1994,random_forest_05_2000_leaf3,1323,74,6.81617534982916
1994,extra_trees,1323,74,7.619435405405416
1994,extra_trees_1000,1323,74,8.082874165111535
1994,extra_trees_03_1600_leaf1,1323,74,10.453236444256712
1994,extra_trees_05_1600_leaf1,1323,74,9.026682728040475
1994,extra_trees_sqrt_1600_leaf1,1323,74,12.443417361537632
1994,extra_trees_log2_1600_leaf1,1323,74,12.774950277308502
1994,extra_trees_05_2000_leaf3,1323,74,8.742493442772293
1994,gradient_boosting,1323,74,6.317921409159538
1994,gradient_boosting_slow,1323,74,6.165024347999287
1994,gradient_boosting_deep,1323,74,6.558094003919981
1994,hist_gradient_boosting,1323,74,6.386259266192025
1994,hist_gradient_boosting_l2,1323,74,6.435887374452537
1994,ada_boost,1323,74,8.973643055540023
1994,mlp_pequena,1323,74,78.26567567567568
1994,mlp_media,1323,74,78.26567567567568
1994,mlp_profunda,1323,74,78.26567567567568
1994,mlp_larga,1323,74,78.26567567567568
1994,voting_ia,1323,74,78.26567567567568
1994,stacking_ia,1323,74,44.9869322359047
1994,voting_arvores_ia,1323,74,6.6443166708354555
1994,stacking_arvores_ia,1323,74,8.636180524884429
1998,baseline_pesquisa,1341,56,2.955346428571429
1998,baseline_ajustado,1341,56,3.1318464024977524
1998,baseline_efeito_casa,1341,56,5.386501196448171
1998,ridge,1341,56,4.85939841763353
1998,huber,1341,56,5.123858216067949
1998,elastic_net,1341,56,4.895531904678522
1998,ridge_forte,1341,56,4.788852677603676
1998,random_forest_07_600,1341,56,4.595348235544146
1998,random_forest_05_1200,1341,56,4.702949495621458
1998,random_forest_sqrt_1200,1341,56,5.574404016720406
1998,random_forest_03_1600_leaf1,1341,56,5.012292439546125
1998,random_forest_05_1600_leaf1,1341,56,4.7164968930697535
1998,random_forest_07_1600_leaf1,1341,56,4.570742670865316
1998,random_forest_sqrt_1600_leaf1,1341,56,5.19571995243417
1998,random_forest_log2_1600_leaf1,1341,56,5.249857328506766
1998,random_forest_05_2000_leaf3,1341,56,4.726738581678859
1998,extra_trees,1341,56,4.966926785714271
1998,extra_trees_1000,1341,56,5.0349888846370305
1998,extra_trees_03_1600_leaf1,1341,56,5.078134002976116
1998,extra_trees_05_1600_leaf1,1341,56,5.082795293898696
1998,extra_trees_sqrt_1600_leaf1,1341,56,5.206689590873806
1998,extra_trees_log2_1600_leaf1,1341,56,5.706774262303381
1998,extra_trees_05_2000_leaf3,1341,56,5.120228860728253
1998,gradient_boosting,1341,56,5.922227336220756
1998,gradient_boosting_slow,1341,56,5.988579266966874
1998,gradient_boosting_deep,1341,56,5.652542052655269
1998,hist_gradient_boosting,1341,56,4.811281405645977
1998,hist_gradient_boosting_l2,1341,56,4.9137823551545585
1998,ada_boost,1341,56,6.559660865628708
1998,mlp_pequena,1341,56,7.6322658204528295
1998,mlp_media,1341,56,7.409307825483765
1998,mlp_profunda,1341,56,5.473446028865589
1998,mlp_larga,1341,56,5.619482975933361
1998,voting_ia,1341,56,4.7385925333190375
1998,stacking_ia,1341,56,4.554019925822803
1998,voting_arvores_ia,1341,56,5.164499170819766
1998,stacking_arvores_ia,1341,56,4.585403797999201
2002,baseline_pesquisa,1026,371,6.011454177897574
2002,baseline_ajustado,1026,371,6.378982885030066
2002,baseline_efeito_casa,1026,371,7.366700186408303
2002,ridge,1026,371,10.369227729728788
2002,huber,1026,371,15.155419938967214
2002,elastic_net,1026,371,9.624169951105111
2002,ridge_forte,1026,371,10.069150414101182
2002,random_forest_07_600,1026,371,9.741587889338103
2002,random_forest_05_1200,1026,371,9.498532805800885
2002,random_forest_sqrt_1200,1026,371,10.183563515437427
2002,random_forest_03_1600_leaf1,1026,371,10.500746913124921
2002,random_forest_05_1600_leaf1,1026,371,9.816326105201533
2002,random_forest_07_1600_leaf1,1026,371,9.590546612196787
2002,random_forest_sqrt_1600_leaf1,1026,371,10.222231193283893
2002,random_forest_log2_1600_leaf1,1026,371,9.902943596978865
2002,random_forest_05_2000_leaf3,1026,371,9.478998471069472
2002,extra_trees,1026,371,11.14326339622642
2002,extra_trees_1000,1026,371,11.395526503612043
2002,extra_trees_03_1600_leaf1,1026,371,11.068354938229962
2002,extra_trees_05_1600_leaf1,1026,371,11.447048409703456
2002,extra_trees_sqrt_1600_leaf1,1026,371,10.39390664645101
2002,extra_trees_log2_1600_leaf1,1026,371,10.197535521434986
2002,extra_trees_05_2000_leaf3,1026,371,11.14424301613769
2002,gradient_boosting,1026,371,10.575322817919638
2002,gradient_boosting_slow,1026,371,10.601333540444832
2002,gradient_boosting_deep,1026,371,10.51347894314577
2002,hist_gradient_boosting,1026,371,7.573504761699274
2002,hist_gradient_boosting_l2,1026,371,7.732321250150885
2002,ada_boost,1026,371,11.912915706791534
2002,mlp_pequena,1026,371,19.25933119428248
2002,mlp_media,1026,371,20.72442846743512
2002,mlp_profunda,1026,371,14.377298398753439
2002,mlp_larga,1026,371,13.888591190358655
2002,voting_ia,1026,371,9.738836267250235
2002,stacking_ia,1026,371,10.267956552903305
2002,voting_arvores_ia,1026,371,10.274710891543302
2002,stacking_arvores_ia,1026,371,9.998286595810937
2006,baseline_pesquisa,1369,28,4.767214285714286
2006,baseline_ajustado,1369,28,4.89152019484598
2006,baseline_efeito_casa,1369,28,6.611993817931578
2006,ridge,1369,28,3.2410858989530476
2006,huber,1369,28,3.0446655249660686
2006,elastic_net,1369,28,3.396883738194083
2006,ridge_forte,1369,28,3.235268992678852
2006,random_forest_07_600,1369,28,1.5165333333334268
2006,random_forest_05_1200,1369,28,2.668982967794346
2006,random_forest_sqrt_1200,1369,28,6.19202775062744
2006,random_forest_03_1600_leaf1,1369,28,3.4387707514878896
2006,random_forest_05_1600_leaf1,1369,28,2.3228026270193602
2006,random_forest_07_1600_leaf1,1369,28,1.3512804990431346
2006,random_forest_sqrt_1600_leaf1,1369,28,3.9199660076529708
2006,random_forest_log2_1600_leaf1,1369,28,4.605752398490851
2006,random_forest_05_2000_leaf3,1369,28,2.9310291488965907
2006,extra_trees,1369,28,3.3762371428571387
2006,extra_trees_1000,1369,28,3.770789590136055
2006,extra_trees_03_1600_leaf1,1369,28,3.69541908482122
2006,extra_trees_05_1600_leaf1,1369,28,3.7774209449402605
2006,extra_trees_sqrt_1600_leaf1,1369,28,4.499272736657671
2006,extra_trees_log2_1600_leaf1,1369,28,4.605602987604223
2006,extra_trees_05_2000_leaf3,1369,28,3.9860537366475577
2006,gradient_boosting,1369,28,2.238250125430976
2006,gradient_boosting_slow,1369,28,1.4301950384632793
2006,gradient_boosting_deep,1369,28,2.626431961001675
2006,hist_gradient_boosting,1369,28,1.9472879291070953
2006,hist_gradient_boosting_l2,1369,28,1.7073087919703822
2006,ada_boost,1369,28,4.462534297508418
2006,mlp_pequena,1369,28,7.780494280465149
2006,mlp_media,1369,28,6.795458069760287
2006,mlp_profunda,1369,28,6.865180003932054
2006,mlp_larga,1369,28,4.337169651798925
2006,voting_ia,1369,28,1.6854244952763298
2006,stacking_ia,1369,28,1.3218466041606456
2006,voting_arvores_ia,1369,28,2.555342823673834
2006,stacking_arvores_ia,1369,28,3.669063090947827
2010,baseline_pesquisa,1227,170,9.346878235294119
2010,baseline_ajustado,1227,170,9.695396097401469
2010,baseline_efeito_casa,1227,170,7.688397728684961
2010,ridge,1227,170,8.351200108401125
2010,huber,1227,170,8.219518057817028
2010,elastic_net,1227,170,12.094934531943577
2010,ridge_forte,1227,170,10.216861721916306
2010,random_forest_07_600,1227,170,6.393586465686186
2010,random_forest_05_1200,1227,170,5.049746065290889
2010,random_forest_sqrt_1200,1227,170,8.084129803327217
2010,random_forest_03_1600_leaf1,1227,170,5.058859724877614
2010,random_forest_05_1600_leaf1,1227,170,4.914660961046728
2010,random_forest_07_1600_leaf1,1227,170,6.554772503676129
2010,random_forest_sqrt_1600_leaf1,1227,170,8.286754425245041
2010,random_forest_log2_1600_leaf1,1227,170,8.46289281341904
2010,random_forest_05_2000_leaf3,1227,170,5.025439757019538
2010,extra_trees,1227,170,5.9914723529412575
2010,extra_trees_1000,1227,170,4.746843055058865
2010,extra_trees_03_1600_leaf1,1227,170,9.08948176470578
2010,extra_trees_05_1600_leaf1,1227,170,7.232733558823614
2010,extra_trees_sqrt_1600_leaf1,1227,170,11.453943016906097
2010,extra_trees_log2_1600_leaf1,1227,170,11.091273414478177
2010,extra_trees_05_2000_leaf3,1227,170,6.058171331861358
2010,gradient_boosting,1227,170,7.374046716595914
2010,gradient_boosting_slow,1227,170,8.929421666815287
2010,gradient_boosting_deep,1227,170,8.715792788766208
2010,hist_gradient_boosting,1227,170,9.432913062497974
2010,hist_gradient_boosting_l2,1227,170,9.255125081269501
2010,ada_boost,1227,170,4.687562354284545
2010,mlp_pequena,1227,170,13.190775979365535
2010,mlp_media,1227,170,16.613252092851223
2010,mlp_profunda,1227,170,11.968558276436786
2010,mlp_larga,1227,170,12.714984080841123
2010,voting_ia,1227,170,7.079742145487891
2010,stacking_ia,1227,170,6.995668135865505
2010,voting_arvores_ia,1227,170,5.162102313828853
2010,stacking_arvores_ia,1227,170,5.027174059791999
2014,baseline_pesquisa,1343,54,7.950640740740738
2014,baseline_ajustado,1343,54,7.832508245149908
2014,baseline_efeito_casa,1343,54,7.022878849273735
2014,ridge,1343,54,5.919111836963116
2014,huber,1343,54,10.724328558685293
2014,elastic_net,1343,54,6.388483008578299
2014,ridge_forte,1343,54,6.0227240632693695
2014,random_forest_07_600,1343,54,5.536375308642142
2014,random_forest_05_1200,1343,54,4.72484117534053
2014,random_forest_sqrt_1200,1343,54,4.2718493725962166
2014,random_forest_03_1600_leaf1,1343,54,5.0454927758485555
2014,random_forest_05_1600_leaf1,1343,54,4.932620891203441
2014,random_forest_07_1600_leaf1,1343,54,5.219551986882398
2014,random_forest_sqrt_1600_leaf1,1343,54,4.762282464726342
2014,random_forest_log2_1600_leaf1,1343,54,4.623705400683162
2014,random_forest_05_2000_leaf3,1343,54,5.275513310831485
2014,extra_trees,1343,54,4.04963962962968
2014,extra_trees_1000,1343,54,3.877777402998287
2014,extra_trees_03_1600_leaf1,1343,54,4.007251651234295
2014,extra_trees_05_1600_leaf1,1343,54,4.126947268518326
2014,extra_trees_sqrt_1600_leaf1,1343,54,4.1833822431196985
2014,extra_trees_log2_1600_leaf1,1343,54,3.9875872639755734
2014,extra_trees_05_2000_leaf3,1343,54,4.120881397942896
2014,gradient_boosting,1343,54,3.9492410430482128
2014,gradient_boosting_slow,1343,54,5.424977358774149
2014,gradient_boosting_deep,1343,54,4.711228787704907
2014,hist_gradient_boosting,1343,54,6.644817648696384
2014,hist_gradient_boosting_l2,1343,54,6.439151805700636
2014,ada_boost,1343,54,4.621047487097121
2014,mlp_pequena,1343,54,7.809428176628454
2014,mlp_media,1343,54,10.066030286069418
2014,mlp_profunda,1343,54,7.388315084045602
2014,mlp_larga,1343,54,8.638783928388603
2014,voting_ia,1343,54,5.045411826026943
2014,stacking_ia,1343,54,5.905454525658398
2014,voting_arvores_ia,1343,54,4.184028813598202
2014,stacking_arvores_ia,1343,54,4.7424562385159525
2018,baseline_pesquisa,1227,170,5.459993529411764
2018,baseline_ajustado,1227,170,5.630363566116388
2018,baseline_efeito_casa,1227,170,5.254517900754093
2018,ridge,1227,170,5.30853521742056
2018,huber,1227,170,7.0317759379180105
2018,elastic_net,1227,170,3.828642563753289
2018,ridge_forte,1227,170,4.91459805258758
2018,random_forest_07_600,1227,170,14.84923652287571
2018,random_forest_05_1200,1227,170,12.254347500509997
2018,random_forest_sqrt_1200,1227,170,9.406021210186346
2018,random_forest_03_1600_leaf1,1227,170,10.01734550490202
2018,random_forest_05_1600_leaf1,1227,170,12.468177214198334
2018,random_forest_07_1600_leaf1,1227,170,14.863555893382657
2018,random_forest_sqrt_1600_leaf1,1227,170,8.741264849439805
2018,random_forest_log2_1600_leaf1,1227,170,8.68375179172506
2018,random_forest_05_2000_leaf3,1227,170,12.047861636807742
2018,extra_trees,1227,170,7.6048691764705785
2018,extra_trees_1000,1227,170,6.243889863626691
2018,extra_trees_03_1600_leaf1,1227,170,5.6619510661764725
2018,extra_trees_05_1600_leaf1,1227,170,5.785846121323572
2018,extra_trees_sqrt_1600_leaf1,1227,170,7.24126725782434
2018,extra_trees_log2_1600_leaf1,1227,170,7.362194779149195
2018,extra_trees_05_2000_leaf3,1227,170,5.944759406786961
2018,gradient_boosting,1227,170,11.502559443275397
2018,gradient_boosting_slow,1227,170,9.484386072696088
2018,gradient_boosting_deep,1227,170,12.667835298881434
2018,hist_gradient_boosting,1227,170,9.577108244215145
2018,hist_gradient_boosting_l2,1227,170,9.66056392597547
2018,ada_boost,1227,170,9.782396490303453
2018,mlp_pequena,1227,170,8.137206651851105
2018,mlp_media,1227,170,6.282578628911977
2018,mlp_profunda,1227,170,7.847402292899047
2018,mlp_larga,1227,170,6.853944571183318
2018,voting_ia,1227,170,10.505393557646865
2018,stacking_ia,1227,170,13.649160981973584
2018,voting_arvores_ia,1227,170,10.147924644996019
2018,stacking_arvores_ia,1227,170,9.272343343686908
2022,baseline_pesquisa,923,474,5.029295991561183
2022,baseline_ajustado,923,474,5.099886260764031
2022,baseline_efeito_casa,923,474,4.580769701562876
2022,ridge,923,474,6.339818181475252
2022,huber,923,474,7.157174768005402
2022,elastic_net,923,474,5.322244316628483
2022,ridge_forte,923,474,6.179914867154646
2022,random_forest_07_600,923,474,4.198168990355759
2022,random_forest_05_1200,923,474,4.257617443844202
2022,random_forest_sqrt_1200,923,474,7.765036662730951
2022,random_forest_03_1600_leaf1,923,474,4.563260407169795
2022,random_forest_05_1600_leaf1,923,474,4.093817562820196
2022,random_forest_07_1600_leaf1,923,474,4.058483956308375
2022,random_forest_sqrt_1600_leaf1,923,474,6.271587165382504
2022,random_forest_log2_1600_leaf1,923,474,6.748562383270229
2022,random_forest_05_2000_leaf3,923,474,4.172918370211366
2022,extra_trees,923,474,4.3083443881856525
2022,extra_trees_1000,923,474,4.540220097448283
2022,extra_trees_03_1600_leaf1,923,474,5.331509947257291
2022,extra_trees_05_1600_leaf1,923,474,4.5388913053797015
2022,extra_trees_sqrt_1600_leaf1,923,474,7.175455194615777
2022,extra_trees_log2_1600_leaf1,923,474,7.825756687847124
2022,extra_trees_05_2000_leaf3,923,474,4.820855051968197
2022,gradient_boosting,923,474,4.3816347340201105
2022,gradient_boosting_slow,923,474,3.2485051743833395
2022,gradient_boosting_deep,923,474,4.653419344654529
2022,hist_gradient_boosting,923,474,3.4988166356473265
2022,hist_gradient_boosting_l2,923,474,3.649616436652759
2022,ada_boost,923,474,6.405189479111581
2022,mlp_pequena,923,474,5.541995849997825
2022,mlp_media,923,474,10.18602778388756
2022,mlp_profunda,923,474,6.417257760749986
2022,mlp_larga,923,474,12.161081543495824
2022,voting_ia,923,474,2.4657323237970252
2022,stacking_ia,923,474,3.1381623600119384
2022,voting_arvores_ia,923,474,4.2633413692645235
2022,stacking_arvores_ia,923,474,5.1855799074271305
