data_previsao,ano_eleicao,cenario,modelo,candidato,voto_valido_estimado,intervalo_baixo,intervalo_alto,probabilidade_liderar,probabilidade_ir_ao_segundo_turno,fonte_dados_ate
2026-10-03,2026,Primeiro turno 2026 - oficial pos-TSE,baseline_pesquisa,Lula,44.2850,42.2850,46.2850,0.9568,1.0000,2026-10-03
2026-10-03,2026,Primeiro turno 2026 - oficial pos-TSE,baseline_pesquisa,Flávio Bolsonaro,41.7018,39.7018,43.7018,0.0432,1.0000,2026-10-03
2026-10-03,2026,Primeiro turno 2026 - oficial pos-TSE,baseline_pesquisa,Augusto Cury,4.0446,2.0446,6.0446,0.0000,0.0000,2026-10-03
2026-10-03,2026,Primeiro turno 2026 - oficial pos-TSE,baseline_pesquisa,Renan Santos,3.7576,1.7576,5.7576,0.0000,0.0000,2026-10-03
2026-10-03,2026,Primeiro turno 2026 - oficial pos-TSE,baseline_pesquisa,Ronaldo Caiado,3.0718,1.0718,5.0718,0.0000,0.0000,2026-10-03
2026-10-03,2026,Primeiro turno 2026 - oficial pos-TSE,baseline_pesquisa,Romeu Zema,0.9606,0.0000,2.9606,0.0000,0.0000,2026-10-03
2026-10-03,2026,Primeiro turno 2026 - oficial pos-TSE,baseline_pesquisa,Samara Martins,0.9007,0.0000,2.9007,0.0000,0.0000,2026-10-03
2026-10-03,2026,Primeiro turno 2026 - oficial pos-TSE,baseline_pesquisa,Rui Costa Pimenta,0.5722,0.0000,2.5722,0.0000,0.0000,2026-10-03
2026-10-03,2026,Primeiro turno 2026 - oficial pos-TSE,baseline_pesquisa,Edmilson Costa,0.3528,0.0000,2.3528,0.0000,0.0000,2026-10-03
2026-10-03,2026,Primeiro turno 2026 - oficial pos-TSE,baseline_pesquisa,Clariana Barão,0.3528,0.0000,2.3528,0.0000,0.0000,2026-10-03
2026-10-03,2026,Primeiro turno 2026 - oficial pos-TSE,baseline_pesquisa,Wilson Grassi,0.0000,0.0000,2.0000,0.0000,0.0000,2026-10-03
2026-10-03,2026,Primeiro turno 2026 - oficial pos-TSE,baseline_pesquisa,Hertz Dias,0.0000,0.0000,2.0000,0.0000,0.0000,2026-10-03
2026-10-03,2026,Primeiro turno 2026 - oficial pos-TSE,baseline_ajustado,Lula,42.9538,40.9538,44.9538,0.9612,1.0000,2026-10-03
2026-10-03,2026,Primeiro turno 2026 - oficial pos-TSE,baseline_ajustado,Flávio Bolsonaro,40.3091,38.3091,42.3091,0.0388,1.0000,2026-10-03
2026-10-03,2026,Primeiro turno 2026 - oficial pos-TSE,baseline_ajustado,Augusto Cury,4.4093,2.4093,6.4093,0.0000,0.0000,2026-10-03
2026-10-03,2026,Primeiro turno 2026 - oficial pos-TSE,baseline_ajustado,Renan Santos,4.0455,2.0455,6.0455,0.0000,0.0000,2026-10-03
2026-10-03,2026,Primeiro turno 2026 - oficial pos-TSE,baseline_ajustado,Ronaldo Caiado,3.4747,1.4747,5.4747,0.0000,0.0000,2026-10-03
2026-10-03,2026,Primeiro turno 2026 - oficial pos-TSE,baseline_ajustado,Romeu Zema,1.4675,0.0000,3.4675,0.0000,0.0000,2026-10-03
2026-10-03,2026,Primeiro turno 2026 - oficial pos-TSE,baseline_ajustado,Samara Martins,1.0750,0.0000,3.0750,0.0000,0.0000,2026-10-03
2026-10-03,2026,Primeiro turno 2026 - oficial pos-TSE,baseline_ajustado,Rui Costa Pimenta,0.9983,0.0000,2.9983,0.0000,0.0000,2026-10-03
2026-10-03,2026,Primeiro turno 2026 - oficial pos-TSE,baseline_ajustado,Edmilson Costa,0.6334,0.0000,2.6334,0.0000,0.0000,2026-10-03
2026-10-03,2026,Primeiro turno 2026 - oficial pos-TSE,baseline_ajustado,Clariana Barão,0.6334,0.0000,2.6334,0.0000,0.0000,2026-10-03
2026-10-03,2026,Primeiro turno 2026 - oficial pos-TSE,baseline_ajustado,Wilson Grassi,0.0000,0.0000,2.0000,0.0000,0.0000,2026-10-03
2026-10-03,2026,Primeiro turno 2026 - oficial pos-TSE,baseline_ajustado,Hertz Dias,0.0000,0.0000,2.0000,0.0000,0.0000,2026-10-03
2026-10-03,2026,Primeiro turno 2026 - oficial pos-TSE,baseline_efeito_casa,Lula,43.2339,41.2339,45.2339,0.9824,1.0000,2026-10-03
2026-10-03,2026,Primeiro turno 2026 - oficial pos-TSE,baseline_efeito_casa,Flávio Bolsonaro,40.1112,38.1112,42.1112,0.0176,1.0000,2026-10-03
2026-10-03,2026,Primeiro turno 2026 - oficial pos-TSE,baseline_efeito_casa,Augusto Cury,4.3877,2.3877,6.3877,0.0000,0.0000,2026-10-03
2026-10-03,2026,Primeiro turno 2026 - oficial pos-TSE,baseline_efeito_casa,Renan Santos,4.0257,2.0257,6.0257,0.0000,0.0000,2026-10-03
2026-10-03,2026,Primeiro turno 2026 - oficial pos-TSE,baseline_efeito_casa,Ronaldo Caiado,3.4576,1.4576,5.4576,0.0000,0.0000,2026-10-03
2026-10-03,2026,Primeiro turno 2026 - oficial pos-TSE,baseline_efeito_casa,Romeu Zema,1.4603,0.0000,3.4603,0.0000,0.0000,2026-10-03
2026-10-03,2026,Primeiro turno 2026 - oficial pos-TSE,baseline_efeito_casa,Samara Martins,1.0697,0.0000,3.0697,0.0000,0.0000,2026-10-03
2026-10-03,2026,Primeiro turno 2026 - oficial pos-TSE,baseline_efeito_casa,Rui Costa Pimenta,0.9934,0.0000,2.9934,0.0000,0.0000,2026-10-03
2026-10-03,2026,Primeiro turno 2026 - oficial pos-TSE,baseline_efeito_casa,Edmilson Costa,0.6303,0.0000,2.6303,0.0000,0.0000,2026-10-03
2026-10-03,2026,Primeiro turno 2026 - oficial pos-TSE,baseline_efeito_casa,Clariana Barão,0.6303,0.0000,2.6303,0.0000,0.0000,2026-10-03
2026-10-03,2026,Primeiro turno 2026 - oficial pos-TSE,baseline_efeito_casa,Wilson Grassi,0.0000,0.0000,2.0000,0.0000,0.0000,2026-10-03
2026-10-03,2026,Primeiro turno 2026 - oficial pos-TSE,baseline_efeito_casa,Hertz Dias,0.0000,0.0000,2.0000,0.0000,0.0000,2026-10-03
2026-10-03,2026,Primeiro turno 2026 - oficial pos-TSE,baseline_temporal,Lula,44.7453,42.7453,46.7453,0.9786,1.0000,2026-10-03
2026-10-03,2026,Primeiro turno 2026 - oficial pos-TSE,baseline_temporal,Flávio Bolsonaro,41.8130,39.8130,43.8130,0.0214,1.0000,2026-10-03
2026-10-03,2026,Primeiro turno 2026 - oficial pos-TSE,baseline_temporal,Augusto Cury,4.3637,2.3637,6.3637,0.0000,0.0000,2026-10-03
2026-10-03,2026,Primeiro turno 2026 - oficial pos-TSE,baseline_temporal,Renan Santos,3.9084,1.9084,5.9084,0.0000,0.0000,2026-10-03
2026-10-03,2026,Primeiro turno 2026 - oficial pos-TSE,baseline_temporal,Ronaldo Caiado,3.1932,1.1932,5.1932,0.0000,0.0000,2026-10-03
2026-10-03,2026,Primeiro turno 2026 - oficial pos-TSE,baseline_temporal,Romeu Zema,1.0376,0.0000,3.0376,0.0000,0.0000,2026-10-03
2026-10-03,2026,Primeiro turno 2026 - oficial pos-TSE,baseline_temporal,Samara Martins,0.9389,0.0000,2.9389,0.0000,0.0000,2026-10-03
2026-10-03,2026,Primeiro turno 2026 - oficial pos-TSE,baseline_temporal,Clariana Barão,0.0000,0.0000,2.0000,0.0000,0.0000,2026-10-03
2026-10-03,2026,Primeiro turno 2026 - oficial pos-TSE,baseline_temporal,Edmilson Costa,0.0000,0.0000,2.0000,0.0000,0.0000,2026-10-03
2026-10-03,2026,Primeiro turno 2026 - oficial pos-TSE,baseline_temporal,Hertz Dias,0.0000,0.0000,2.0000,0.0000,0.0000,2026-10-03
2026-10-03,2026,Primeiro turno 2026 - oficial pos-TSE,baseline_temporal,Rui Costa Pimenta,0.0000,0.0000,2.0000,0.0000,0.0000,2026-10-03
2026-10-03,2026,Primeiro turno 2026 - oficial pos-TSE,baseline_temporal,Wilson Grassi,0.0000,0.0000,2.0000,0.0000,0.0000,2026-10-03
