data_previsao,ano_eleicao,cenario,modelo,candidato,voto_valido_estimado,intervalo_baixo,intervalo_alto,probabilidade_liderar,probabilidade_ir_ao_segundo_turno,fonte_dados_ate,observacao
2026-10-03,2026,Primeiro turno 2026 - oficial pos-TSE,baseline_pesquisa,Lula,44.887,42.887,46.887,0.9598,1.0,2026-10-03,"Modelos inferencial, ML e rede neural aguardam pesquisas historicas para treino."
2026-10-03,2026,Primeiro turno 2026 - oficial pos-TSE,baseline_pesquisa,Flávio Bolsonaro,42.2686,40.2686,44.2686,0.0402,1.0,2026-10-03,"Modelos inferencial, ML e rede neural aguardam pesquisas historicas para treino."
2026-10-03,2026,Primeiro turno 2026 - oficial pos-TSE,baseline_pesquisa,Augusto Cury,4.0996,2.0996,6.0996,0.0,0.0,2026-10-03,"Modelos inferencial, ML e rede neural aguardam pesquisas historicas para treino."
2026-10-03,2026,Primeiro turno 2026 - oficial pos-TSE,baseline_pesquisa,Renan Santos,3.8086,1.8086,5.8086,0.0,0.0,2026-10-03,"Modelos inferencial, ML e rede neural aguardam pesquisas historicas para treino."
2026-10-03,2026,Primeiro turno 2026 - oficial pos-TSE,baseline_pesquisa,Ronaldo Caiado,3.1136,1.1136,5.1136,0.0,0.0,2026-10-03,"Modelos inferencial, ML e rede neural aguardam pesquisas historicas para treino."
2026-10-03,2026,Primeiro turno 2026 - oficial pos-TSE,baseline_pesquisa,Romeu Zema,0.9736,0.0,2.9736,0.0,0.0,2026-10-03,"Modelos inferencial, ML e rede neural aguardam pesquisas historicas para treino."
2026-10-03,2026,Primeiro turno 2026 - oficial pos-TSE,baseline_pesquisa,Samara Martins,0.913,0.0,2.913,0.0,0.0,2026-10-03,"Modelos inferencial, ML e rede neural aguardam pesquisas historicas para treino."
2026-10-03,2026,Primeiro turno 2026 - oficial pos-TSE,baseline_pesquisa,Rui Costa Pimenta,0.5799,0.0,2.5799,0.0,0.0,2026-10-03,"Modelos inferencial, ML e rede neural aguardam pesquisas historicas para treino."
2026-10-03,2026,Primeiro turno 2026 - oficial pos-TSE,baseline_pesquisa,Edmilson Costa,0.3576,0.0,2.3576,0.0,0.0,2026-10-03,"Modelos inferencial, ML e rede neural aguardam pesquisas historicas para treino."
2026-10-03,2026,Primeiro turno 2026 - oficial pos-TSE,baseline_pesquisa,Clariana Barão,0.3576,0.0,2.3576,0.0,0.0,2026-10-03,"Modelos inferencial, ML e rede neural aguardam pesquisas historicas para treino."
2026-10-03,2026,Primeiro turno 2026 - oficial pos-TSE,baseline_pesquisa,Wilson Grassi,0.0,0.0,2.0,0.0,0.0,2026-10-03,"Modelos inferencial, ML e rede neural aguardam pesquisas historicas para treino."
2026-10-03,2026,Primeiro turno 2026 - oficial pos-TSE,baseline_pesquisa,Hertz Dias,0.0,0.0,2.0,0.0,0.0,2026-10-03,"Modelos inferencial, ML e rede neural aguardam pesquisas historicas para treino."
2026-10-03,2026,Primeiro turno 2026 - oficial pos-TSE,baseline_ajustado,Lula,45.4464,43.4464,47.4464,0.9708,1.0,2026-10-03,"Modelos inferencial, ML e rede neural aguardam pesquisas historicas para treino."
2026-10-03,2026,Primeiro turno 2026 - oficial pos-TSE,baseline_ajustado,Flávio Bolsonaro,42.6483,40.6483,44.6483,0.0292,1.0,2026-10-03,"Modelos inferencial, ML e rede neural aguardam pesquisas historicas para treino."
2026-10-03,2026,Primeiro turno 2026 - oficial pos-TSE,baseline_ajustado,Augusto Cury,4.6652,2.6652,6.6652,0.0,0.0,2026-10-03,"Modelos inferencial, ML e rede neural aguardam pesquisas historicas para treino."
2026-10-03,2026,Primeiro turno 2026 - oficial pos-TSE,baseline_ajustado,Renan Santos,4.2803,2.2803,6.2803,0.0,0.0,2026-10-03,"Modelos inferencial, ML e rede neural aguardam pesquisas historicas para treino."
2026-10-03,2026,Primeiro turno 2026 - oficial pos-TSE,baseline_ajustado,Ronaldo Caiado,3.6763,1.6763,5.6763,0.0,0.0,2026-10-03,"Modelos inferencial, ML e rede neural aguardam pesquisas historicas para treino."
2026-10-03,2026,Primeiro turno 2026 - oficial pos-TSE,baseline_ajustado,Romeu Zema,1.5527,0.0,3.5527,0.0,0.0,2026-10-03,"Modelos inferencial, ML e rede neural aguardam pesquisas historicas para treino."
2026-10-03,2026,Primeiro turno 2026 - oficial pos-TSE,baseline_ajustado,Samara Martins,1.1373,0.0,3.1373,0.0,0.0,2026-10-03,"Modelos inferencial, ML e rede neural aguardam pesquisas historicas para treino."
2026-10-03,2026,Primeiro turno 2026 - oficial pos-TSE,baseline_ajustado,Rui Costa Pimenta,1.0563,0.0,3.0563,0.0,0.0,2026-10-03,"Modelos inferencial, ML e rede neural aguardam pesquisas historicas para treino."
2026-10-03,2026,Primeiro turno 2026 - oficial pos-TSE,baseline_ajustado,Edmilson Costa,0.6702,0.0,2.6702,0.0,0.0,2026-10-03,"Modelos inferencial, ML e rede neural aguardam pesquisas historicas para treino."
2026-10-03,2026,Primeiro turno 2026 - oficial pos-TSE,baseline_ajustado,Clariana Barão,0.6702,0.0,2.6702,0.0,0.0,2026-10-03,"Modelos inferencial, ML e rede neural aguardam pesquisas historicas para treino."
2026-10-03,2026,Primeiro turno 2026 - oficial pos-TSE,baseline_ajustado,Wilson Grassi,0.0,0.0,2.0,0.0,0.0,2026-10-03,"Modelos inferencial, ML e rede neural aguardam pesquisas historicas para treino."
2026-10-03,2026,Primeiro turno 2026 - oficial pos-TSE,baseline_ajustado,Hertz Dias,0.0,0.0,2.0,0.0,0.0,2026-10-03,"Modelos inferencial, ML e rede neural aguardam pesquisas historicas para treino."
2026-10-03,2026,Primeiro turno 2026 - oficial pos-TSE,baseline_efeito_casa,Lula,45.9686,43.9686,47.9686,0.9868,1.0,2026-10-03,"Modelos inferencial, ML e rede neural aguardam pesquisas historicas para treino."
2026-10-03,2026,Primeiro turno 2026 - oficial pos-TSE,baseline_efeito_casa,Flávio Bolsonaro,42.6483,40.6483,44.6483,0.0132,1.0,2026-10-03,"Modelos inferencial, ML e rede neural aguardam pesquisas historicas para treino."
2026-10-03,2026,Primeiro turno 2026 - oficial pos-TSE,baseline_efeito_casa,Augusto Cury,4.6652,2.6652,6.6652,0.0,0.0,2026-10-03,"Modelos inferencial, ML e rede neural aguardam pesquisas historicas para treino."
2026-10-03,2026,Primeiro turno 2026 - oficial pos-TSE,baseline_efeito_casa,Renan Santos,4.2803,2.2803,6.2803,0.0,0.0,2026-10-03,"Modelos inferencial, ML e rede neural aguardam pesquisas historicas para treino."
2026-10-03,2026,Primeiro turno 2026 - oficial pos-TSE,baseline_efeito_casa,Ronaldo Caiado,3.6763,1.6763,5.6763,0.0,0.0,2026-10-03,"Modelos inferencial, ML e rede neural aguardam pesquisas historicas para treino."
2026-10-03,2026,Primeiro turno 2026 - oficial pos-TSE,baseline_efeito_casa,Romeu Zema,1.5527,0.0,3.5527,0.0,0.0,2026-10-03,"Modelos inferencial, ML e rede neural aguardam pesquisas historicas para treino."
2026-10-03,2026,Primeiro turno 2026 - oficial pos-TSE,baseline_efeito_casa,Samara Martins,1.1373,0.0,3.1373,0.0,0.0,2026-10-03,"Modelos inferencial, ML e rede neural aguardam pesquisas historicas para treino."
2026-10-03,2026,Primeiro turno 2026 - oficial pos-TSE,baseline_efeito_casa,Rui Costa Pimenta,1.0563,0.0,3.0563,0.0,0.0,2026-10-03,"Modelos inferencial, ML e rede neural aguardam pesquisas historicas para treino."
2026-10-03,2026,Primeiro turno 2026 - oficial pos-TSE,baseline_efeito_casa,Edmilson Costa,0.6702,0.0,2.6702,0.0,0.0,2026-10-03,"Modelos inferencial, ML e rede neural aguardam pesquisas historicas para treino."
2026-10-03,2026,Primeiro turno 2026 - oficial pos-TSE,baseline_efeito_casa,Clariana Barão,0.6702,0.0,2.6702,0.0,0.0,2026-10-03,"Modelos inferencial, ML e rede neural aguardam pesquisas historicas para treino."
2026-10-03,2026,Primeiro turno 2026 - oficial pos-TSE,baseline_efeito_casa,Wilson Grassi,0.0,0.0,2.0,0.0,0.0,2026-10-03,"Modelos inferencial, ML e rede neural aguardam pesquisas historicas para treino."
2026-10-03,2026,Primeiro turno 2026 - oficial pos-TSE,baseline_efeito_casa,Hertz Dias,0.0,0.0,2.0,0.0,0.0,2026-10-03,"Modelos inferencial, ML e rede neural aguardam pesquisas historicas para treino."
2026-10-03,2026,Primeiro turno 2026 - oficial pos-TSE,baseline_temporal,Lula,44.7664,42.7664,46.7664,0.9788,1.0,2026-10-03,"Modelos inferencial, ML e rede neural aguardam pesquisas historicas para treino."
2026-10-03,2026,Primeiro turno 2026 - oficial pos-TSE,baseline_temporal,Flávio Bolsonaro,41.8327,39.8327,43.8327,0.0212,1.0,2026-10-03,"Modelos inferencial, ML e rede neural aguardam pesquisas historicas para treino."
2026-10-03,2026,Primeiro turno 2026 - oficial pos-TSE,baseline_temporal,Augusto Cury,4.3657,2.3657,6.3657,0.0,0.0,2026-10-03,"Modelos inferencial, ML e rede neural aguardam pesquisas historicas para treino."
2026-10-03,2026,Primeiro turno 2026 - oficial pos-TSE,baseline_temporal,Renan Santos,3.9103,1.9103,5.9103,0.0,0.0,2026-10-03,"Modelos inferencial, ML e rede neural aguardam pesquisas historicas para treino."
2026-10-03,2026,Primeiro turno 2026 - oficial pos-TSE,baseline_temporal,Ronaldo Caiado,3.1947,1.1947,5.1947,0.0,0.0,2026-10-03,"Modelos inferencial, ML e rede neural aguardam pesquisas historicas para treino."
2026-10-03,2026,Primeiro turno 2026 - oficial pos-TSE,baseline_temporal,Romeu Zema,1.0381,0.0,3.0381,0.0,0.0,2026-10-03,"Modelos inferencial, ML e rede neural aguardam pesquisas historicas para treino."
2026-10-03,2026,Primeiro turno 2026 - oficial pos-TSE,baseline_temporal,Samara Martins,0.9394,0.0,2.9394,0.0,0.0,2026-10-03,"Modelos inferencial, ML e rede neural aguardam pesquisas historicas para treino."
2026-10-03,2026,Primeiro turno 2026 - oficial pos-TSE,baseline_temporal,Clariana Barão,0.0,0.0,2.0,0.0,0.0,2026-10-03,"Modelos inferencial, ML e rede neural aguardam pesquisas historicas para treino."
2026-10-03,2026,Primeiro turno 2026 - oficial pos-TSE,baseline_temporal,Edmilson Costa,0.0,0.0,2.0,0.0,0.0,2026-10-03,"Modelos inferencial, ML e rede neural aguardam pesquisas historicas para treino."
2026-10-03,2026,Primeiro turno 2026 - oficial pos-TSE,baseline_temporal,Hertz Dias,0.0,0.0,2.0,0.0,0.0,2026-10-03,"Modelos inferencial, ML e rede neural aguardam pesquisas historicas para treino."
2026-10-03,2026,Primeiro turno 2026 - oficial pos-TSE,baseline_temporal,Rui Costa Pimenta,0.0,0.0,2.0,0.0,0.0,2026-10-03,"Modelos inferencial, ML e rede neural aguardam pesquisas historicas para treino."
2026-10-03,2026,Primeiro turno 2026 - oficial pos-TSE,baseline_temporal,Wilson Grassi,0.0,0.0,2.0,0.0,0.0,2026-10-03,"Modelos inferencial, ML e rede neural aguardam pesquisas historicas para treino."
