ano_teste,modelo,mae
2010,gradient_boosting,0.7883905569054601
2010,random_forest_03_1600_leaf1,1.0779302083333153
2010,random_forest_05_1600_leaf1,1.1307279166664603
2010,stacking_ia,1.5501246810433216
2010,random_forest_07_1600_leaf1,1.7403354166665572
2010,random_forest_07_600,1.7721527777775776
2010,random_forest_05_1200,2.3680254169671677
2010,random_forest_05_2000_leaf3,2.4689493228327866
2010,hist_gradient_boosting_l2,2.6748552593383828
2010,hist_gradient_boosting,2.831316437231184
2010,baseline_pesquisa,3.39475
2010,voting_arvores_ia,3.6730821680705095
2010,baseline_ajustado,3.862924481683617
2010,baseline_efeito_casa,3.862924481683617
2010,extra_trees_05_1600_leaf1,4.351949479166587
2010,gradient_boosting_deep,4.504281533004827
2010,voting_ia,4.566246851971091
2010,extra_trees_05_2000_leaf3,4.9328235704614745
2010,extra_trees,4.960166666666737
2010,inferencial_ols,5.153066261528339
2010,ada_boost,5.170265206176296
2010,random_forest_sqrt_1600_leaf1,5.266345553075345
2010,gradient_boosting_slow,5.302923510475416
2010,random_forest_sqrt_1200,5.5195031123848395
2010,extra_trees_1000,5.701886622065237
2010,extra_trees_03_1600_leaf1,5.870714062499898
2010,huber,6.074121790006643
2010,random_forest_log2_1600_leaf1,6.949314548611067
2010,stacking_arvores_ia,7.691781512008934
2010,extra_trees_log2_1600_leaf1,9.442874933937548
2010,extra_trees_sqrt_1600_leaf1,9.636801954656804
2010,ridge,12.4166755572632
2010,mlp_pequena,12.564969685521127
2010,elastic_net,14.152223188920178
2010,ridge_forte,16.612328648635902
2010,mlp_media,51.77449342697543
2010,mlp_profunda,59.7439654813798
2010,mlp_larga,60.23999999999999
2014,ada_boost,2.2791095969378077
2014,extra_trees_log2_1600_leaf1,2.48747074652778
2014,random_forest_sqrt_1200,2.533915014792239
2014,extra_trees_sqrt_1600_leaf1,2.5917164062500255
2014,random_forest_sqrt_1600_leaf1,2.5923269531250526
2014,gradient_boosting_deep,2.656532625664859
2014,random_forest_log2_1600_leaf1,2.7658208333333434
2014,gradient_boosting,2.917476044391531
2014,baseline_ajustado,2.979999999999997
2014,baseline_efeito_casa,2.979999999999997
2014,baseline_pesquisa,2.979999999999997
2014,random_forest_05_2000_leaf3,3.113322284541802
2014,voting_arvores_ia,3.124797835022072
2014,random_forest_05_1200,3.178894508928696
2014,random_forest_03_1600_leaf1,3.1868929687500014
2014,extra_trees_05_2000_leaf3,3.329217705745652
2014,extra_trees_05_1600_leaf1,3.350214583333429
2014,extra_trees_03_1600_leaf1,3.38082916666664
2014,random_forest_05_1600_leaf1,3.428400000000128
2014,extra_trees_1000,3.619141250000208
2014,extra_trees,3.6251400000000285
2014,random_forest_07_1600_leaf1,3.8732968750000936
2014,stacking_ia,3.889599615912662
2014,random_forest_07_600,3.9530750000002435
2014,gradient_boosting_slow,4.092605117291765
2014,stacking_arvores_ia,4.459392015995363
2014,voting_ia,4.815304165866149
2014,hist_gradient_boosting,6.8553251708484595
2014,hist_gradient_boosting_l2,7.847754205573402
2014,mlp_pequena,9.202550407408307
2014,ridge,9.558380130511843
2014,elastic_net,11.508158451061561
2014,ridge_forte,11.59928759134771
2014,huber,11.83459672533833
2014,mlp_media,17.70401509405219
2014,inferencial_ols,18.302503320728015
2014,mlp_larga,27.47323531945253
2014,mlp_profunda,34.576216924663754
2018,baseline_ajustado,1.921572964703902
2018,baseline_efeito_casa,1.921572964703902
2018,baseline_pesquisa,1.921572964703902
2018,inferencial_ols,2.3509921650248002
2018,huber,3.5771366857186493
2018,elastic_net,3.941155810027779
2018,ridge_forte,5.223900883062772
2018,ridge,5.475277755262949
2018,mlp_larga,5.820701137856451
2018,mlp_media,6.423821721078525
2018,hist_gradient_boosting,7.343342385031032
2018,hist_gradient_boosting_l2,7.478269658896403
2018,mlp_pequena,8.853250100879347
2018,mlp_profunda,9.745810704484942
2018,stacking_arvores_ia,10.03546836314119
2018,gradient_boosting_slow,10.540659897875969
2018,extra_trees_03_1600_leaf1,11.305125076836521
2018,extra_trees_1000,11.344415519250333
2018,extra_trees_05_2000_leaf3,11.656285678176918
2018,extra_trees_sqrt_1600_leaf1,11.814803149335358
2018,extra_trees_log2_1600_leaf1,12.050569100652329
2018,extra_trees_05_1600_leaf1,12.090186190009572
2018,extra_trees,12.252148301627889
2018,random_forest_log2_1600_leaf1,12.341882600394642
2018,voting_ia,12.712457287017926
2018,random_forest_sqrt_1600_leaf1,12.849248631068985
2018,ada_boost,13.089960704800209
2018,random_forest_03_1600_leaf1,13.238111961442746
2018,random_forest_sqrt_1200,13.680502148435306
2018,voting_arvores_ia,13.85287073638818
2018,random_forest_05_2000_leaf3,13.931046781784397
2018,random_forest_05_1600_leaf1,14.138890872338408
2018,random_forest_05_1200,14.19724930567828
2018,random_forest_07_600,15.737981347131608
2018,random_forest_07_1600_leaf1,15.834927064773058
2018,gradient_boosting_deep,15.879174762352246
2018,gradient_boosting,16.4307896802889
2018,stacking_ia,20.40197533880812
2022,voting_ia,4.101427054395566
2022,gradient_boosting_slow,4.422928270152808
2022,stacking_ia,5.007457372971953
2022,extra_trees_05_1600_leaf1,5.077615490991712
2022,extra_trees_1000,5.080372682062745
2022,hist_gradient_boosting,5.085946706008929
2022,extra_trees,5.1163942375816704
2022,hist_gradient_boosting_l2,5.270815922273144
2022,random_forest_05_2000_leaf3,5.310176160099997
2022,random_forest_05_1600_leaf1,5.31732300093481
2022,extra_trees_05_2000_leaf3,5.326442892414439
2022,random_forest_05_1200,5.385029077287128
2022,voting_arvores_ia,5.391800339517581
2022,random_forest_07_1600_leaf1,5.426319257513305
2022,random_forest_03_1600_leaf1,5.471709960695512
2022,random_forest_07_600,5.57764800675222
2022,extra_trees_03_1600_leaf1,5.773264315092406
2022,stacking_arvores_ia,5.85609695272719
2022,gradient_boosting,6.048269447306655
2022,gradient_boosting_deep,6.411167923387509
2022,baseline_efeito_casa,6.727098887683158
2022,random_forest_sqrt_1600_leaf1,6.836893149520545
2022,baseline_pesquisa,6.994491127331863
2022,baseline_ajustado,7.040759066892067
2022,inferencial_ols,7.132816711788391
2022,random_forest_log2_1600_leaf1,7.210617792672445
2022,extra_trees_sqrt_1600_leaf1,7.412286199054878
2022,ridge,7.755228964151973
2022,ada_boost,7.845827085155165
2022,mlp_pequena,7.901638898032229
2022,elastic_net,7.90944924716974
2022,extra_trees_log2_1600_leaf1,8.030564374547863
2022,random_forest_sqrt_1200,8.077708454811502
2022,ridge_forte,8.189852621207145
2022,mlp_profunda,8.469915545890116
2022,huber,8.550164395364165
2022,mlp_media,10.94501872464561
2022,mlp_larga,16.550020507937482
